edwoca,Name (RD),Name (abweichend),Infos,Art,GND-ID,Name GND
RD,Giovanni Ricordi,,,Körperschaft,,
RD,Schiller-Zentenarfeier 1859,,,Körperschaft,,
RD,Musikverleger Pacini,,,Körperschaft,,
GND,,,,Person,1077753411,
GND,,,,Geografika,4013810-0,Eilsen
GND,,,,Geografika,4008065-1,Braunschweig
RD,Comité des Unterstützungsvereins für bedürftige ungarische Musiker in Pest,,,Körperschaft,,
RD,Comité des Wagner-Vereins Berlin,,,Körperschaft,,
RD,"Fischer, Wilhelm",,,Person,,
RD,"Seydlitz, Georg Freiherr von",,,Person,,
RD,"Repos, E.",,,Person,,
RD,Étienne Repos,,,Körperschaft,,
RD,"Salvagni, Fortunato",,,Person,,
RD,Hofmusikalienhandlung,,,Körperschaft,,
GND,,,,Person,119223368,"Thewrewk von Ponori, Emil"
RD,"Nicolai, Wilhelm Frédéric Gerhard",,,Person,,
RD,"Erard, [Camille]",,,Person,,
RD,Musikverleger B. Bessel,,,Körperschaft,,
GND,,,,Person,119224151,"Cui, Cäsar"
RD,awdas,,,Körperschaft,,
RD,Erard,,,Körperschaft,,
RD,Liszts Weimarer Freunde,,,Körperschaft,,
RD,"Gentilucci, Romualdo",,,Person,,
RD,Musikverleger Pustet,,,Körperschaft,,
RD,Victor Mattasovich,,Kopist um 1912,Person,,
RD,"De Villers, Alexandre",,Brief an Marie D'Agoult vom 01.05.1844 aus Paris,Person,,
RD,"Seydlitz, Georg von",,"Adressat Brief von Liszt 16.01.1847 und 28.03.1848 sowie 18.12.1851 und 27.03.1852
1042970610 oder 133376206 ?",Person,,
RD,"Sayn-Wittgenstein, Eugène",,Neffe von Carolyne,Person,,
RD,Étienne Repos,,Französischer Verleger,Person,,
RD,"Érard, Camille",,"Witwe von Pierre Èrard, 1813-1889",Person,,
RD,"Volger, Otto",,Offizier?,Person,,
RD,"Téleky, Sándor",,Briefpartner 1876,Person,,
RD,"von Fabry, Amalie",,Haushälterin in Budapest,Person,,
RD,"de Soistounoff, Madeleine",,Korrespondenzpartnerin 1881,Person,,
RD,"Tardieu, Malwine",,"Korrespondenzpartnerin 1882; Malwine Tardieu war eine Brüsseler Bekannte und Korrespondenzpartnerin von Franz Liszt in dessen späten Lebensjahren. Sie war mit Charles Tardieu verheiratet, dem Chefredakteur der Zeitung L'Indépendance Belge.",Person,,
RD,"Wereschagin, Alexander",,"Korrespondenzpartner, 1882; russischer Oberst, Autor und Bruder des berühmten Kriegsmalers Wassili Wereschtschagin",Person,,
RD,"Klausner, Karl",,"Arrangeur, Herausgeber (?)",Person,,
RD,"Navrátil, Carl",,Carl Navrátil (1836–1914) war ein österreichischer Komponist und Jurist,Person,,
RD,"Pavy à la Glacière, Lydie",,Korrespondenzpartnerin 1836,Person,,
RD,"Beauvau, Ludmilla",,"Ludmilla von Beauvau (1819–1881) stammte aus der polnisch-französischen Familie Komar und war eine Schwester von Delphine Potocka, einer bekannten Freundin Chopins.",Person,,
RD,"Stainlein-Säulenstein, Valerie",,Briefpartnerin 1868,Person,,
RD,"Thalberg, Francesca",,Ehefrau von Sigismond Thalberg,Person,,
RD,"Schmitt, Hans",,Korrespondenzpartner 1875,Person,,
RD,"Lynen, Victor",,"Geschäftsmann aus Antwerpen, 1834-1894",Person,,
RD,"Lynen, Marie",,Frau von Victor Lynen,Person,,
RD,"Mohr, Josef",,"Hermann Joseph Mohr, Pater und Kirchenmusiker",Person,,
RD,"Ollivier, Adolphe",,1829 geb. (?),Person,,
RD,"Alfieri, Marie",,Korrespondenzpartnerin in Rom 1879,Person,,
RD,"von Moukhanoff, Marie",,"Marie von Moukhanoff , geb. Gräfin Nesselrode; Korrespondenzpartnerin 1872",Person,,
RD,"Muiszech, Georges",,Korrespondenzpartner 1847,Person,,
RD,"de Gournay, Rodolphe",,Korr.-Partner in Grenoble 1866,Person,,
RD,"Senart, Jules",,"gest. 1900 in Dijon, Liszt-Schüler",Person,,
RD,"Aubry, Francois",,Korrespondenzpartner 1886 in Paris,Person,,
RD,"Champagny-Rospigliosi, Fanny",,Korrespondenzpartnerin 1868 und 1883,Person,,
RD,"Laager, Annette",,Korrespondenzpartnerin in Venedig 1838,Person,,
GND,,,,Person,116436085,"Reményi, Eduard"
GND,,,,Person,117386979,"Siloti, Alexander"
GND,,,,Person,1396003312,"Muir-Mackenzie, Dorothea Frances"
GND,,,,Person,118611666,"Schumann, Robert"
GND,,,,Person,1347910921,"Segatta, Anna"
GND,,,,Person,134793135X,"Darboville, Georges"
GND,,,,Person,1347935991,"Mililotti, Giuseppe"
GND,,,,Person,1347940553,"Landmesser, Theophil"
GND,,,,Person,1347941843,"Monnier, Étienne"
GND,,,,Person,1347944117,"Mlinarić, Stjepan"
GND,,,,Person,1347945407,"Augusz, Helene"
GND,,,,Person,1348011688,"Vény, Jenny"
GND,,,,Person,134966202X,"Löwy, Simon"
GND,,,,Person,1349665320,"Pelet-Narbonne, Madame"
GND,,,,Person,1349673188,"Revesz-Ferryman, Francis"
GND,,,,Person,140978194,"Michell, Gustav"
GND,,,,Person,118729225,Louis Ferdinand
GND,,,,Person,1132516730,"Van Bree, J. J."
GND,,,,Person,1350303895,"Krautwald, Josephine von"
GND,,,,Person,1315047934,"Bösendorfer, Céleste"
GND,,,,Person,11709286X,"Mohr, Révérend Père"
GND,,,,Person,1350305596,"Corning Clark, Alfred"
GND,,,,Person,173597998,"Cornell, J. H."
GND,,,,Person,1351392514,"Falcioni, Zeffirino"
GND,,,,Person,1351392913,"Rubinstein, Wera Aleksandrovna"
GND,,,,Person,142252573,"Gobbi, Henri"
GND,,,,Person,135952204,"Chotek, Bohuslaw"
GND,,,,Person,1351445987,"Loudon, Charlotte"
GND,,,,Person,1351446010,"Loudon, Emily"
GND,,,,Person,1351451952,"Brisson Alberti, Mademoiselle"
GND,,,,Person,116066083,"Kastner, Imre"
GND,,,,Person,116205172,"Plank, Fritz"
GND,,,,Person,1351468197,"Ságh, József"
GND,,,,Person,1351474367,"Vegh, Angélica de"
GND,,,,Person,1351487590,"Festetics, Léo Madame"
GND,,,,Person,1351489216,"Arkövy, Catherine"
GND,,,,Person,116653639,"Glaser, Conrad"
GND,,,,Person,129317071,"Albach, I. S."
GND,,,,Person,118523708,"Dante, Alighieri"
GND,,,,Person,118622110,"Thomas, von Aquin, Heiliger"
GND,,,,Person,118646192,"Auber, Daniel-François-Esprit"
GND,,,,Person,116225203,"Bache, Walter"
GND,,,,Person,11850553X,"Bach, Johann Sebastian"
GND,,,,Person,118574892,"Ludwig II., Bayern, König"
GND,,,,Person,116098023,"Beauchesne, Alfred de"
GND,,,,Person,118508288,"Beethoven, Ludwig van"
GND,,,,Person,135916488,"Beethoven, Ludwig van"
GND,,,,Person,116233249,"Bohrer, Sophie"
GND,,,,Person,118517104,"Bürger, Gottfried August"
GND,,,,Person,134624165,"Büsser, Henri"
GND,,,,Person,129089117,"Calvocoressi, Michel D."
GND,,,,Person,118520237,"Chateaubriand, François-René de"
GND,,,,Person,118520539,"Chopin, Frédéric"
GND,,,,Person,135008220,"Cossmann, Bernhard"
GND,,,,Person,116857218,"Craigher, Jakob Nikolaus"
GND,,,,Person,116020768,"Damrosch, Leopold"
GND,,,,Person,118945866,"Dantan, Jean-Pierre"
GND,,,,Person,101057903,"Dessauer, Josef"
GND,,,,Person,118776223,"Joachim, Josef"
GND,,,,Person,118509675,"Berlioz, Hector"
GND,,,,Person,116137452,"Dingelstedt, Jenny"
GND,,,,Person,118525751,"Dingelstedt, Franz"
GND,,,,Person,116180110,"Doppler, Karl"
GND,,,,Person,1052833799,"Dubez, Peter"
GND,,,,Person,101142072,"Reinsberg-Düringsfeld, Ida von"
GND,,,,Person,120859718,"Reinsberg-Düringsfeld, Otto von, Freiherr"
GND,,,,Person,116259256,"Dux, Adolf"
GND,,,,Person,118552589,"Hoffmann von Fallersleben, August Heinrich"
GND,,,,Person,1067651438,"Fidler, Karoline"
GND,,,,Person,117735108,"Bériot, Charles Wilfrid de"
GND,,,,Person,118767933,"Venantius, Fortunatus"
GND,,,,Person,118535196,"Freiligrath, Ferdinand"
GND,,,,Person,118693948,"Fuchs, Aloys"
GND,,,,Person,11853811X,"Geibel, Emanuel"
GND,,,,Person,118538659,"Gerhardt, Paul"
GND,,,,Person,118695398,"Glinka, Michail Ivanovič"
GND,,,,Person,116182776,"Dorn, Heinrich"
GND,,,,Person,116978759,"Zellner, [Leopold Alexander]"
GND,,,,Person,118645501,"Apponyi, Albert"
GND,,,,Person,116755741,"Goldschmidt, Adalbert von"
GND,,,,Person,104304219,"Maria, Sachsen-Weimar, Großherzogin"
GND,,,,Person,118720074,"Halm, Friedrich"
GND,,,,Person,117172634,"Müllerhartung, Carl"
GND,,,,Geografika,4461205-9,San Girolamo degli Schiavoni (Rom)
GND,,,,Geografika,4494793-8,Pępowo
GND,,,,Geografika,4029705-6,Karlsbad
GND,,,,Geografika,4029405-5,Kamjanez-Podilskyj
GND,,,,Geografika,4341887-9,Wyschniwez
RD,"de Bigarne, [...]",,Brief-Bezug,Person,,
RD,"Dupin, [Sophie]",,Brief-Bezug,Person,,
RD,"Pacini, [...]",,Brief-Bezug,Person,,
RD,"Büloz, [...]",,Brief-Bezug,Person,,
RD,"von Spiegel, [...]",,Brief-Bezug,Person,,
RD,"Gomez, Eugenio",,Brief-Bezug,Person,,
RD,"Fiorentino, [...]",,Brief-Bezug,Person,,
RD,"Rondonneau, [...]",,Brief-Bezug,Person,,
RD,"von Dornis, [...]",,Brief-Bezug,Person,,
RD,"Teleky, Sandor",,"Brief-Bezug, = Alexander Teleky?",Person,,
RD,"Escudier, [...]",,Brief-Bezug,Person,,
RD,"Beaulieu-Marconnay, [...]",,Brief-Bezug,Person,,
RD,"von Seiler, [Johann Kaspar]",,Brief-Bezug,Person,,
RD,"Schariezer, Georg",,Brief-Bezug,Person,,
RD,"Schestakoff, Ludmilla",,Brief-Bezug,Person,,
RD,"von Eugenhardt, Basil",,Brief-Bezug,Person,,
RD,"Suermondt, Johanna",,Brief-Bezug,Person,,
RD,"Wilkoszewski, [...]",,Brief-Bezug,Person,,
RD,"Boisselit, Xavier",,Brief-Bezug,Person,,
RD,"Müller, Franz",,Brief-Bezug,Person,,
RD,"Schwendtner, [...]",,Brief-Bezug,Person,,
RD,"Cuturi, [...]",,Brief-Bezug,Person,,
RD,"Giacomelli, A. [?]",,Brief-Bezug,Person,,
RD,"Bessel, B.",,Brief-Bezug,Person,,
RD,"Skiwa, [...]",,Brief-Bezug,Person,,
RD,"Feustel, F.",,Brief-Bezug,Person,,
RD,"Bessel, [...]",,Brief-Bezug,Person,,
RD,"Elion, J.",,Brief-Bezug,Person,,
RD,"della Rocca, [...]",,Brief-Bezug,Person,,
RD,"Dumonceau, H.",,Brief-Bezug,Person,,
RD,"de Keudell, [...]",,Brief-Bezug,Person,,
RD,"Gobineau, [...]",,Brief-Bezug,Person,,
RD,"Böhm, Jos.",,Brief-Bezug,Person,,
RD,"Bassani, [...]",,Brief-Bezug,Person,,
RD,"Reisenauer-Pauly, [...]",,Brief-Bezug,Person,,
RD,"von Jagemann, F.",,Brief-Bezug,Person,,
RD,"Meyer, Arthur",,Brief-Bezug,Person,,
RD,"Saissy, [...]",,Brief-Bezug,Person,,
RD,"Wrangell, Baronin [Carolin?]",,Brief-Bezug,Person,,
RD,"Rahter, [...]",,Brief-Bezug,Person,,
RD,"von Király, J. P.",,Brief-Bezug,Person,,
RD,"von Munácsy, [...]",,Brief-Bezug,Person,,
RD,"Reuss-Belce, [...]",,Brief-Bezug,Person,,
RD,"Curie, [...]",,Brief-Bezug,Person,,
RD,"de Mancy, [...]",,Brief-Bezug,Person,,
RD,"de Lostanges, [...]",,Brief-Bezug,Person,,
RD,"Narischkine, [...]",,Brief-Bezug,Person,,
RD,"Eggers, A. F.",,Brief-Bezug,Person,,
RD,"von Pulsky, F.",,Brief-Bezug,Person,,
RD,"Ramaciotti, [...]",,Brief-Bezug,Person,,
RD,"Reuß, Marie",,Brief-Bezug,Person,,
RD,"Caraman-Chimay, [...]",,Brief-Bezug,Person,,
RD,"Bellegarde, [...]",,Brief-Bezug,Person,,
RD,"Chreptowich, [...]",,Brief-Bezug,Person,,
RD,"Augusz, Emmerich",,Brief-Bezug,Person,,
RD,"Kreutzer, [...]",,Brief-Bezug,Person,,
RD,Dom Pedro II.,,Brief-Bezug,Person,,
RD,"Pustet, [...]",,Brief-Bezug,Person,,
RD,"Esqu., Renaud-Moritz",,Brief-Bezug,Person,,
RD,"Mann, August",,Brief-Bezug,Person,,
RD,Beethoven-Comité,,Comité des Beethoven-Denkmals,Körperschaft,,
RD,Kirchenmusikverein am Krönungsdome zu St. Martin in Pressburg,,,Körperschaft,,
RD,Komitee des böhmischen Kunstvereins Umělecká beseda,,Comité des böhmischen Kunstvereins Umelecka Beseda,Körperschaft,,
RD,Comité-Directeur de la Société philharmonique de St. Petersbourg,,,Körperschaft,,
RD,Hofmusikalienhandlung Mannheim,,,Körperschaft,,
RD,Musikverleger Constantin Sander,,,Körperschaft,,
RD,Comité der Antwerpener Société de Musique,,,Körperschaft,,
RD,Sekretär der Académie des beaux-arts,,Sekretär der Académie des beaux-arts,Körperschaft,,
RD,Académie des beaux-arts,,,Körperschaft,,
RD,"Comité der ""Presse parisienne""",,,Körperschaft,,
RD,Gazette de Hongrie,,,Körperschaft,,
RD,Mason und Hamlin,,,Körperschaft,,
RD,Theodor Michaelis,,,Körperschaft,,
RD,Rich und Mason,,,Körperschaft,,
RD,Allgemeiner deutscher Musikverein,,Vorstand des Allgemeinen deutschen Musikvereins,Körperschaft,,
RD,Gran,,Diözese in Budapest?,Geografika,,
RD,Albano,,,Geografika,,
RD,Bade,,,Geografika,,
RD,Schwerstedt,,,Geografika,,
RD,Landständischer Saal (Wien),,,Geografika,,
RD,Grand Théâtre (Marseille),,,Geografika,,
RD,Hôtel de Ville (Paris) / Salle Saint-Jean,,,Geografika,,
RD,Kärntnerthortheater (Wien),,,Geografika,,
RD,rue Neuve-Saint-Augustin 23 (Paris),,,Geografika,,
RD,Apollo-Saal (Hamburg),,,Geografika,,
RD,Erste Beethoven-Halle,,,Geografika,,
RD,Englisches Haus (Berlin),,,Geografika,,
RD,Jägerhaus (Weimar),,,Geografika,,
RD,Hotel Weidenbusch (Frankfurt am Main),,,Geografika,,
RD,Opernhaus am Hagenmarkt (Braunschweig),,,Geografika,,
RD,Academy of Music (New York City),,,Geografika,,
GND,,,,Geografika,4200756-2,Nikolajew
GND,,,,Geografika,4698013-1,Nohant-Vic
GND,,,,Geografika,4091159-7,Dornburg
GND,,,,Geografika,4046496-9,Polen
GND,,,,Person,118917447,"Haßler, Hans Leo"
GND,,,,Person,118550128,"Herwegh, Georg"
GND,,,,Person,1147235635,"Hélène, Orléans, Herzogin"
GND,,,,Person,11689217X,"Hilpert, Bruno"
GND,,,,Person,119486725,"Decius, Nikolaus"
GND,,,,Person,116955422,"Hohenlohe-Schillingsfürst, Gustav Adolf zu"
GND,,,,Person,118554654,"Hugo, Victor"
GND,,,,Person,118893106,"Abd-al-Madschid I., Osmanisches Reich, Sultan"
GND,,,,Person,118775944,"Janin, Jules Gabriel"
GND,,,,Person,118985418,"Jókai, Mór"
GND,,,,Person,118565796,"Kotzebue, August von"
GND,,,,Person,11664530X,"Lafont, Charles Philippe"
GND,,,,Person,118726056,"Lamartine, Alphonse de"
GND,,,,Person,118568930,"Lamennais, Félicité Robert de"
GND,,,,Person,116682418,"Landshoff, Ludwig"
GND,,,,Person,1025880536,"Petrichevich Horváth, Lázár"
GND,,,,Person,116890177,"Leitgeb, Otto von"
GND,,,,Person,133663566,"Lüttichau, Ida von"
GND,,,,Person,116694475,"Malherbe, Charles"
GND,,,,Person,116760338,"Marchesi, Salvatore"
GND,,,,Person,142364479,"Marek, Ludwik"
GND,,,,Person,1052854699,Martellini
GND,,,,Person,118578723,"Massenet, Jules"
GND,,,,Person,118553909,"Hrabanus, Maurus"
GND,,,,Person,118580310,"Meißner, Alfred von"
GND,,,,Person,118581945,"Meyerbeer, Giacomo"
GND,,,,Person,11690559X,"Meyer-Merian, Theodor"
GND,,,,Person,119083213,"Kalergis, Maria"
GND,,,,Person,118584596,"Mozart, Wolfgang Amadeus"
GND,,,,Person,117597082,"Müller, Joseph"
GND,,,,Person,11858524X,"Müller, Wilhelm"
GND,,,,Person,101930992,"Orléans, Hélène Louise d'"
GND,,,,Person,1052844065,Pictet
GND,,,,Person,118678841,"Da Ponte, Lorenzo"
GND,,,,Person,118651102,"Augusta, Deutsches Reich, Kaiserin"
GND,,,,Person,104373725,"Pucić, Orsat Medo"
GND,,,,Person,116392983,"Redwitz, Oskar von"
GND,,,,Person,118744453,"Rellstab, Ludwig"
GND,,,,Person,1052848664,"Reviczky, Sidonie"
GND,,,,Person,118745425,"Rist, Johann"
GND,,,,Person,118602330,"Rolland, Romain"
GND,,,,Person,119034883,"Roquette, Otto"
GND,,,,Person,118926802,"Rubinštejn, Anton G."
GND,,,,Person,118603817,"Rückert, Friedrich"
GND,,,,Person,117056553,"Nordmann, Johann"
GND,,,,Person,1052844057,"Potocka, Marie"
GND,,,,Person,118685279,"Ernst II., Sachsen-Coburg-Gotha, Herzog"
GND,,,,Person,120491869,"Samter, Alice"
GND,,,,Person,118606832,"Scheffel, Joseph Victor von"
GND,,,,Person,118975072,"Scheffer, Ary"
GND,,,,Person,118608096,"Schlesinger, Adolf Martin"
GND,,,,Person,128480343,"Schop, Johann"
GND,,,,Person,118610961,"Schubert, Franz"
GND,,,,Person,116214317,"Bock, Hans"
GND,,,,Person,118615017,"Smetana, Bedřich"
GND,,,,Person,11861598X,"Spee, Friedrich von"
GND,,,,Person,118618814,"Strachwitz, Moritz von"
GND,,,,Person,105611844X,"Szabady, Frank Ignác"
GND,,,,Person,117254231,"Teleky, Alexander von"
GND,,,,Person,122993470,"Walsh, Théobald"
GND,,,,Person,117302791,"Thern, Károly"
GND,,,,Person,117375098,"Tichatschek, Josef Aloys"
GND,,,,Person,104018879,"Tirindelli, Pier Adolfo"
GND,,,,Person,118623257,"Tolstoj, Aleksej Konstantinovič"
GND,,,,Person,118625063,"Uhland, Ludwig"
GND,,,,Person,118792423,"Pius V., Papst"
GND,,,,Person,1052833705,"Seghers, Herminie"
GND,,,,Person,117467766,"Vogt, Gustave"
GND,,,,Person,118629662,"Weber, Carl Maria von"
GND,,,,Person,120755106,"Wiedebein, Gottlob"
GND,,,,Person,117410144,"Winterberger, Alexander"
GND,,,,Person,117024147,"Eugen, Sayn-Wittgenstein, Fürst"
GND,,,,Körperschaft,5004381-X,Brandus et Cie
RD,Choeur Trotebas,,Chor,Körperschaft,,
RD,Stadtkirchgemeinde Weimar. Kirchenchor,,Chor,Körperschaft,,
RD,Hof- und Kirchenchor (Hannover),,Chor,Körperschaft,,
GND,,,,Körperschaft,7600054-0,Maison Erard
GND,,,,Körperschaft,10369896-6,F. W. Garbrecht (Leipzig)
GND,,,,Körperschaft,6027255-7,Neu-Weimar-Verein
RD,"Vietinghoff, Karl Baron von",,,Person,,
RD,"Fabre, Mme",,,Person,,
RD,"Sirani-Rosati, Teresa","Rosati, Teresa",,Person,,
RD,"Cappelloni, Ercole",,,Person,,
RD,"Davies, H.",,,Person,,
RD,"Schrott, Marie",,"kaum Informationen, Schreibweisen prüfen",Person,,
RD,"Katz, T. Madame",,"kaum Informationen, Schreibweisen prüfen",Person,,
RD,"Girard, Mademoiselle",,"möglicherweise nicht projektrelevant, deswegen noch nicht angelegt",Person,,
RD,"Sternacker, G.",,"kaum Informationen, Schreibweisen prüfen",Person,,
RD,"Pacini, Mademoiselle",,,Person,,
RD,"Boulanger, Monsieur",,,Person,,
RD,"Lambert, Antonia",,,Person,,
RD,"Richelme, Louis-Ferdinand",,,Person,,
RD,"Le Hye, Louise-Geneviève de","Rousseau, Louise-Geneviève",,Person,,
RD,"Bloc, Monsieur",,,Person,,
RD,"Thonon, Gilles",,,Person,,
RD,"Hess, Monsieur",,,Person,,
RD,"Sabon, Monsieur",,,Person,,
RD,"Rognon, Monsieur",,,Person,,
RD,"Knoop, Georg","Knoop, Johann Georg",,Person,,
RD,"Kratky, Fräulein",,,Person,,
RD,"Geiseler, Fräulein",,,Person,,
RD,"Wolf, Fräulein",,,Person,,
RD,"Wigand, Fräulein",,,Person,,
RD,"Steeger, Laura Mathilde","Sohège, Laura Mathilde",,Person,,
RD,"Zech, Hugo",,,Person,,
RD,"Stumpff, Johann Eduard",,,Person,,
RD,"Sciubro, Mina",,,Person,,
RD,"Kovatsits, Ilona von","Kovatsits, Ilona von | Kovacsics, Ilona von | Covacsics, Ilona von | Kovásits, Ilona von | Kowasits, Ilona von | Falz, Ilona von",,Person,,
RD,"Freiberg, Theodor",,,Person,,
RD,"Aarvold, Kari","Aarvold Glaser, Kari",,Person,,
RD,"Harmat, Artúr",,,Person,,
RD,"Glatz, Franz","Glatz, Ferenc; Gassi, Ferenc",,Person,,
GND,,,,Person,1067646868,"Bocella, Cesare"
GND,,,,Person,1105418677,"Macnutt, Richard"
GND,,,,Person,1244345962,"Stahr, Anna"
GND,,,,Person,117205109,"Stahr, Helene"
GND,,,,Person,1025693272,"von Pazmandy, Dionys"
GND,,,,Person,116901349,"Navrátil, Carl"
GND,,,,Person,1067661387,"Gentilucci, Romualdo"
GND,,,,Person,1052834124,"von Sachsen-Weimar, Elisabeth"
GND,,,,Person,1159190313,"Sylvain, Charles"
GND,,,,Person,116233869,"Boisselot, Franz"
GND,,,,Person,1137182091,"Bibesco, Alexander"
GND,,,,Person,1142025888,"Narischkin, Olga"
GND,,,,Person,102476320X,"Bonaparte de Roccagiovine, Julie"
GND,,,,Person,137673264,"Bibesco, Elena"
GND,,,,Person,11713421X,"De Montigny, Caroline"
GND,,,,Person,118785028,"Moscheles, Ignaz"
GND,,,,Person,119211653,"Lʹvov, Aleksej F."
GND,,,,Person,116119985,"Benedict, Julius"
GND,,,,Person,116245247,"Pleyel, Camilla"
GND,,,,Person,117442003,"Wolff, Oskar Ludwig Bernhard"
GND,,,,Person,11949924X,"Fétis, François-Joseph"
GND,,,,Person,100809766,"Dräxler, Carl Ferdinand"
GND,,,,Person,119195860,"Belgioioso, Cristina"
GND,,,,Person,123449324,"Liszt, Maria Anna"
GND,,,,Person,118741837,"Preller, Friedrich"
GND,,,,Person,102199191,"David, Ferdinand"
GND,,,,Person,116054670,"Dehn, Siegfried Wilhelm"
GND,,,,Person,118677667,"Czerny, Carl"
GND,,,,Person,11654127X,"Clauss-Szarvady, Wilhelmine"
GND,,,,Person,119189275,"Weitzmann, Carl Friedrich"
GND,,,,Person,118702955,"Franz, Robert"
GND,,,,Person,119524872,"Legouvé, Ernest"
GND,,,,Person,118903861,"Henselt, Adolf von"
GND,,,,Person,118560751,"Kaulbach, Wilhelm von"
GND,,,,Person,119131641,"Sophie Luise, Sachsen-Weimar-Eisenach, Grossherzogin"
GND,,,,Person,116811994,"Hillebrand, Karl"
GND,,,,Person,100471641,"Ferrière, Théophile de"
GND,,,,Person,1052844073,"Ollivier, Blandine"
GND,,,,Person,118704931,"Hiller, Ferdinand von"
GND,,,,Person,118604899,"Sainte-Beuve, Charles Augustin"
GND,,,,Person,105283986X,"Montgolfier, Jenny"
GND,,,,Person,11732633X,"Schlesinger, Maurice"
GND,,,,Person,119499819,"Ortigue, Joseph d'"
GND,,,,Person,116849436,"Schober, Franz von"
GND,,,,Person,118729624,"Lützow, Therese von"
GND,,,,Person,1280840978,"Spiegel zu Peckelsheim, Carl Emil von"
GND,,,,Person,116835648,"Massart, Lambert"
GND,,,,Person,119038161,"Urhan, Chrétien"
GND,,,,Person,118720287,"Balzac, Éveline de"
GND,,,,Person,118605348,"Sand, George"
GND,,,,Person,117068098,"Lobe, Johann Christian"
GND,,,,Person,117467146,"Serov, Aleksandr N."
GND,,,,Person,118546643,"Haslinger, Tobias"
GND,,,,Person,119011069,"Moscheles, Charlotte"
GND,,,,Person,119388472,"Reinecke, Carl"
GND,,,,Person,119455668,"Ernst, Heinrich Wilhelm"
GND,,,,Person,117041467,"Milde, Feodor von"
GND,,,,Person,118767755,"Wieck, Friedrich"
GND,,,,Person,11861164X,"Wieck, Clara"
GND,,,,Person,116760206,"Marchesi, Mathilde"
GND,,,,Person,104066849,"Schmidt, Gustav"
GND,,,,Person,11876912X,"Volkmann, Robert"
GND,,,,Person,116569689,"Escudier, Léon"
GND,,,,Person,118543830,"Gutzkow, Karl"
GND,,,,Person,1037104420,"Esterházy de Galántha, Kasimir"
GND,,,,Person,117279757,"Uhlig, Theodor"
GND,,,,Person,117018201,"Sauerma, Rosalie von"
GND,,,,Person,116285036,"Köhler, Louis"
GND,,,,Person,116865407,"Laub, Ferdinand"
GND,,,,Person,117658316,"Stern, Julius"
GND,,,,Person,104235012,"Lenz, Wilhelm von"
GND,,,,Person,116322160,"Radecke, Robert"
GND,,,,Person,117401625,"Singer, Edmund"
GND,,,,Person,1081829699,"Steche, Lidy"
GND,,,,Person,116552433,"Brockhaus, Heinrich"
GND,,,,Person,119020742,"Brendel, Franz"
GND,,,,Person,116316705,"Apt, Anton"
GND,,,,Person,118534645,"Franck, César"
GND,,,,Person,116569697,"Escudier, Marie"
GND,,,,Person,136768148,"Liszt, Eduard von"
GND,,,,Person,116344709,"Arnemann, Mathilde"
GND,,,,Person,115359885,"Wasielewski, Wilhelm Joseph von"
GND,,,,Person,11894889X,"Mason, William"
GND,,,,Person,117346667,"Street-Klindworth, Agnes"
GND,,,,Person,124725031,"Kiel, Clemens August"
GND,,,,Person,118709143,"Hauptmann, Moritz"
GND,,,,Person,117008338,"Meyerbeer, Minna"
GND,,,,Person,118545825,"Hanslick, Eduard"
GND,,,,Person,118651455,"Bach, Alexander von"
GND,,,,Person,110700805,"Stern, Adolf"
GND,,,,Person,1076665144,"Turányi, Carl von"
GND,,,,Person,118642529,"Stasov, Vladimir Vasil'evič"
GND,,,,Person,116077395,"Kaulbach, Josephine von"
GND,,,,Person,116065052,"Milde, Rosa von"
GND,,,,Person,117237973,"Stein, Eduard"
GND,,,,Person,117466751,"Seifriz, Max"
GND,,,,Person,137599803,"Reubke, Adolf"
GND,,,,Person,116957212,"Friedrich Wilhelm, Hohenzollern-Hechingen, Fürst"
GND,,,,Person,116051760,"Pasqué, Ernst"
GND,,,,Person,1282223925,"Armingaud, Jules"
GND,,,,Person,117099821,"Schaeffer, Julius"
GND,,,,Person,117735760,"Bronsart, Ingeborg von"
GND,,,,Person,116206748,"Klauser, Karl"
GND,,,,Person,11711684X,"Schuberth, Julius"
GND,,,,Person,118602985,"Rossini, Gioachino"
GND,,,,Person,118589865,"Ollivier, Émile"
GND,,,,Person,118586416,"Napoléon III., Frankreich, Kaiser"
GND,,,,Person,116114185,"Beliczay, Julius von"
GND,,,,Person,118502875,"Andrássy, Gyula"
GND,,,,Person,101766837X,"Czartoryski, Georg Konstantin"
GND,,,,Person,130226238,"Ernst I., Sachsen-Altenburg, Herzog"
GND,,,,Person,103888039,"Famincyn, Aleksandr"
GND,,,,Person,116849959,"Lebert, Sigmund"
GND,,,,Person,118697641,"Grieg, Edvard"
GND,,,,Person,116099968,"Bechstein, Carl"
GND,,,,Person,1146045360,"Rappoldi, Laura"
GND,,,,Person,11746807X,"Servais, Franz"
GND,,,,Person,117256315,"Schulz-Beuthen, Heinrich"
GND,,,,Person,117039926,"Nohl, Ludwig"
GND,,,,Person,118863541,"Holmès, Augusta"
GND,,,,Person,1212397096,"Schwartz, Marie Esperance von"
GND,,,,Person,116885793,"Menter, Sophie"
GND,,,,Person,130234052,"Mihalovich, Ödön"
GND,,,,Person,11705822X,"Mara, La"
GND,,,,Person,1263865151,"Zerembska, Janina"
GND,,,,Person,117315699,"Urspruch, Anton"
GND,,,,Person,101363184,"Mosenthal, Salomon Hermann von"
GND,,,,Person,116560606,"Heckel, Emil"
GND,,,,Person,116955139,"Lessmann, Otto"
GND,,,,Person,116541350,"Erler, Hermann"
GND,,,,Person,116436662,"Remmert, Martha"
GND,,,,Person,116362375,"Ratzenberger, Theodor"
GND,,,,Person,1026035953,"Waldburg-Zeil-Wurzach, Julie von"
GND,,,,Person,116225556,"Bösendorfer, Ludwig"
GND,,,,Person,117408603,"Trefort, Ágoston"
GND,,,,Person,116102403,"Becker, Albert"
GND,,,,Person,118581481,"Metternich-Sándor, Pauline"
GND,,,,Person,101205570,"Kulke, Eduard"
GND,,,,Person,117432997,"Wolkenstein-Trostburg, Marie"
GND,,,,Person,134031385,"Lichnowsky, Karl von"
GND,,,,Person,116381795,"Augusz, Antál"
GND,,,,Person,119324695,"Gérôme, Jean Léon"
GND,,,,Person,116562633,"Heckmann, Marie"
GND,,,,Person,1018555544,"Godebski, Cyprian"
GND,,,,Person,1158815387,"Loë, Franziska Freifrau von"
GND,,,,Person,118744984,"Richter, Hans"
GND,,,,Person,117003077,"Sander, Constantin"
GND,,,,Person,119523884,"Fritzsch, Ernst Wilhelm"
GND,,,,Person,117384933,"Timanoff, Vera"
GND,,,,Person,116406364,"Brandt, Marianne"
GND,,,,Person,11696636X,"Zarębski, Juliusz"
GND,,,,Person,116652357,"Epstein, Julius"
GND,,,,Person,119057077,"Gade, Niels Wilhelm"
GND,,,,Person,117154148,"Loën, August von"
GND,,,,Person,1019648686,"Silbernagl, Johann"
GND,,,,Person,116827475,"Gravina, Blandine von"
GND,,,,Person,134552091,"Weber, Gustav"
GND,,,,Person,116985925,"Zichy, Géza"
GND,,,,Person,119498235,"Wolzogen, Hans von"
GND,,,,Person,117058297,"Noskowski, Zygmunt"
GND,,,,Person,1283576198,"Liszt, Henriette von"
GND,,,,Person,116133783,"Bülow, Maria von"
GND,,,,Person,118717634,"Girardin, Émile de"
GND,,,,Person,1186396555,"Šestakova, Ljudmila Ivanovna"
GND,,,,Person,118661914,"Borodin, Aleksandr Porfirʹevič"
GND,,,,Person,116254343,"Kniese, Julius"
GND,,,,Person,116774940,"Cusins, William"
GND,,,,Person,118600877,"Riemann, Hugo"
GND,,,,Person,128732792,"Borghese, Paolo"
GND,,,,Person,118573632,"Ljadov, Anatolij K."
GND,,,,Person,133694895,"Filippi, Filippo"
GND,,,,Person,116902299,"Scholtz, Hermann"
GND,,,,Person,128794941X,"Ollivier, Daniel"
GND,,,,Person,116120495,"Benfey, Anna"
GND,,,,Person,117194859,"Stade, Friedrich Ludwig Rudolf"
GND,,,,Person,119258021,"Jadassohn, Salomon"
GND,,,,Person,118727508,"Leo XIII., Papst"
GND,,,,Person,1223638901,"Blume-Arends, Charlotte"
GND,,,,Person,119016206,"Gevaert, François-Auguste"
GND,,,,Person,118804375,"Viardot-García, Pauline"
GND,,,,Person,130848409,"Larrey, Hippolyte"
GND,,,,Person,130659428,"Michaelis, Theodor"
GND,,,,Person,1157646913,"Hippeau, Edmond Gabriel"
GND,,,,Person,117107034,"Oesterlein, Nikolaus"
GND,,,,Person,116843470,"Fuchs, Albert"
GND,,,,Person,1072785854,"Táborszky, Ferdinand"
GND,,,,Person,116942037,"Mottl, Felix"
GND,,,,Person,116276940,"Posse, Wilhelm"
GND,,,,Person,116740345,"Götze, Auguste"
GND,,,,Person,133526216,"Podmaniczky, Frigyes"
GND,,,,Person,118652036,"Balakirev, Milij A."
GND,,,,Person,1383216576,"Mercy-Argenteau, Louise de, Comtesse"
GND,,,,Person,118501437,"Albert, Eugen d'"
GND,,,,Person,1194115292,"Wolff, Pierre-Etienne"
GND,,,,Person,1019741201,"Hugo, Adèle"
GND,,,,Person,118506358,"Balzac, Honoré de"
GND,,,,Person,116071478,"Denis, Ferdinand"
GND,,,,Person,116531185,"Ricordi, Giovanni"
GND,,,,Person,119165627,"Filtsch, Carl"
GND,,,,Person,118542192,"Grillparzer, Franz"
GND,,,,Person,117737208,"Fischer, Wilhelm"
GND,,,,Person,11729781X,"Thalberg, Sigismund"
GND,,,,Person,116562706,"Heckmann, Robert"
GND,,,,Person,102425639,"Georg II., Sachsen-Meiningen, Herzog"
GND,,,,Person,116205628,"Planté, Francis"
GND,,,,Person,118587943,"Nietzsche, Friedrich"
GND,,,,Person,117381209,"Wilhelmj, August"
GND,,,,Person,118766325,"Weinwurm, Rudolf"
GND,,,,Person,116781718,"Freund, Robert"
GND,,,,Person,115549331,"Haberl, Franz Xaver"
GND,,,,Person,116567384,"Broglio, Emilio"
GND,,,,Person,118986295,"Wilhelm III., Niederlande, König"
GND,,,,Person,119187795,"Sand, Maurice"
GND,,,,Person,10420849X,"Amelli, Ambrogio"
GND,,,,Person,103787038,"Hellmesberger, Joseph"
GND,,,,Person,116734787,"Manns, August"
GND,,,,Person,142518093,"Gouzien, Armand Charles"
GND,,,,Person,116669314,"Rubinstein, Joseph"
GND,,,,Person,11890745X,"Sgambati, Giovanni"
GND,,,,Person,118601067,"Rimskij-Korsakov, Nikolaj"
GND,,,,Person,117110450,"Scharwenka, Xaver"
GND,,,,Person,116466855,"Ferrazzi, Giuseppe Jacopo"
GND,,,,Person,11667928X,"Helbig, Nadine"
GND,,,,Person,118713248,"Joukovski, Paul von"
GND,,,,Person,123367727,"Delaborde, Élie-Miriam"
GND,,,,Person,130114820,"Brot, Alphonse"
GND,,,,Person,129901261,"Caetani, Onorato"
GND,,,,Person,1148682473,"Hoffbauer, Karl"
GND,,,,Person,116450932,"Reumont, Alfred von"
GND,,,,Person,1312781033,"Saltonstall Greenough, Richard"
GND,,,,Person,1011377616,"Verlat, Michel Marie Charles"
GND,,,,Person,119502526,"Konstantin, Russland, Großfürst"
GND,,,,Person,116038136,"Davidsohn, George"
GND,,,,Person,118955039,"Gautier, Judith"
GND,,,,Person,116553677,"Haynald, Ludwig"
GND,,,,Person,11881740X,"Dumba, Nicolaus"
GND,,,,Person,132766058X,"Graziani-Walter, Carlo"
GND,,,,Person,116186526,"Pinelli, Ettore"
GND,,,,Person,118571516,"Lenbach, Franz von"
GND,,,,Person,1059554496,"Czartoryska, Marcelina"
GND,,,,Person,117183377,"Joseffy, Rafael"
GND,,,,Person,116024992,"Bach, Leonhard Emil"
GND,,,,Person,118762699,"Schuré, Édouard"
GND,,,,Person,118886568,"Benoît, Peter"
GND,,,,Person,116155833,"Gomperz-Bettelheim, Caroline"
GND,,,,Person,116919981,"Guffens, Godfried"
GND,,,,Person,116501316,"Geisler, Paul"
GND,,,,Person,118735268,"Munkácsy, Mihály"
GND,,,,Person,1025683587,"Péchy, Tamás"
GND,,,,Person,118514253,"Brahms, Johannes"
GND,,,,Person,116349158,"Habeneck, François Antoine"
GND,,,,Person,118643738,"Adam, Juliette"
GND,,,,Person,1241768870,"Gravina, Biagio"
GND,,,,Person,118572393,"Lewald, Fanny"
GND,,,,Person,117252360,"Loyson, Hyacinthe"
GND,,,,Person,123315646,"Hébert, Ernest"
GND,,,,Person,1067645187,"Gozlan, Louis-Léon"
GND,,,,Person,116450584,"Reubke, Otto"
GND,,,,Person,123779936,"Froment-Meurice, Francois-Désiré"
GND,,,,Person,118628232,"Wagner, Cosima"
GND,,,,Person,117065390,"Bülow, Daniela von"
GND,,,,Person,117366021,"Wieprecht, Wilhelm"
GND,,,,Geografika,4447067-8,Schloß Kryzanowitz
GND,,,,Geografika,4350289-1,Ettersburg
GND,,,,Geografika,4269960-5,Port Marly
GND,,,,Geografika,4400405-9,Nonnenwerth
GND,,,,Geografika,4003614-5,Augsburg
GND,,,,Geografika,4085313-5,Como
GND,,,,Geografika,4044295-0,Padua
GND,,,,Geografika,4007616-7,Bologna
GND,,,,Geografika,4085644-6,Exeter
GND,,,,Geografika,4046151-8,Pisa
GND,,,,Geografika,4137172-0,Pest (Stadt)
GND,,,,Geografika,4039029-9,Metz
GND,,,,Geografika,4057736-3,Stonehenge
GND,,,,Geografika,4037286-8,Manchester
GND,,,,Geografika,4380740-9,Jelgava
GND,,,,Geografika,4122699-9,London-Mayfair
GND,,,,Geografika,4011446-6,Den Haag
GND,,,,Geografika,4046868-9,Posen
GND,,,,Geografika,4054671-8,Sevilla
GND,,,,Geografika,4086458-3,Cádiz
GND,,,,Geografika,4020965-9,Gibraltar
GND,,,,Geografika,4021985-9,Grenoble
GND,,,,Geografika,4057878-1,Straßburg
GND,,,,Geografika,4011077-1,Darmstadt
GND,,,,Geografika,4116965-7,Rennes
GND,,,,Geografika,5017970-6,Hradec
GND,,,,Geografika,4216369-9,Iaşi
GND,,,,Geografika,63628-9,Czernowitz
GND,,,,Geografika,4446641-9,Galatz
GND,,,,Geografika,4073697-0,Konstantinopel
GND,,,,Geografika,16021989-9,Jelisawetgrad
GND,,,,Geografika,62726-4,Racibórz
GND,,,,Geografika,4036125-1,Löbau
GND,,,,Geografika,2049988-7,Cosel
GND,,,,Geografika,4312779-4,Horsens
GND,,,,Geografika,4497259-3,Callenberg (Coburg)
GND,,,,Geografika,4008715-3,Bückeburg
GND,,,,Geografika,4086311-6,Ballenstedt
GND,,,,Geografika,4004174-8,Badenweiler
GND,,,,Geografika,4059481-6,Teplitz
GND,,,,Geografika,4021652-4,Gotha
GND,,,,Geografika,4011039-4,Danzig
GND,,,,Geografika,4001409-5,Altenburg (Thüringen)
GND,,,,Geografika,4350206-4,Wilhelmsthal
GND,,,,Geografika,4031606-3,Bad Kösen
GND,,,,Geografika,16161590-9,Kiel-Brunswik
GND,,,,Geografika,4038749-5,Merseburg
GND,,,,Geografika,4137173-2,Buda
GND,,,,Geografika,4104512-9,Löwenberg (Schlesien)
GND,,,,Geografika,4049111-0,Bad Reichenhall
GND,,,,Geografika,4468868-4,Monte Mario (Rom)
GND,,,,Geografika,4113206-3,Castel Gandolfo
GND,,,,Geografika,4036733-2,Luzern
GND,,,,Geografika,4417514-0,Grottammare
GND,,,,Geografika,4119118-3,Schloss Wilhelmsthal (Calden)
GND,,,,Geografika,4266804-9,Lamporecchio
GND,,,,Geografika,4105946-3,Schillingsfürst
GND,,,,Geografika,4034502-6,Langenburg
GND,,,,Geografika,4051460-2,Bad Salzungen
GND,,,,Geografika,1049226380,Het Loo
GND,,,,Geografika,4258491-7,Calden
GND,,,,Geografika,4073479-1,Klausenburg
GND,,,,Geografika,1128606291,Székesfehérvár
GND,,,,Geografika,4071988-1,Esztergom
GND,,,,Geografika,4096919-8,Kalocsa
GND,,,,Geografika,4027096-8,Innsbruck
GND,,,,Geografika,4230228-6,Argenteau
GND,,,,Geografika,145461-4,London-Sydenham
GND,,,,Geografika,4036728-9,Luxemburg
GND,,,,Geografika,4126744-8,Camerino
GND,,,,Geografika,4342033-3,Genf-Saint-Gervais
GND,,,,Geografika,4056971-8,Starnberger See
GND,,,,Geografika,4114431-4,Livorno
GND,,,,Geografika,1249692032,Liebenstein
GND,,,,Geografika,4195784-2,Fabriano
GND,,,,Geografika,7742566-2,Sagrado
GND,,,,Geografika,7750851-8,Ell (Luxemburg)
GND,,,,Geografika,4030522-3,Kiew
GND,,,,Geografika,4140569-9,Bellàgio
GND,,,,Geografika,4439077-4,San Rossore
GND,,,,Geografika,510428-2,Laibach
GND,,,,Geografika,4116805-7,Ostende
GND,,,,Geografika,4080492-6,Boulogne-sur-Mer
GND,,,,Geografika,4088156-8,Bourges
GND,,,,Geografika,4020185-5,Genua
GND,,,,Geografika,4060518-8,Toulouse
GND,,,,Geografika,4102905-7,Pau
GND,,,,Geografika,4086984-2,Bayonne
GND,,,,Geografika,4004019-7,Avignon
GND,,,,Geografika,4048487-7,Ratibor
GND,,,,Geografika,4302566-3,Croissy-sur-Seine
GND,,,,Geografika,4213006-2,Lagny
GND,,,,Geografika,4223729-4,Laval (Departement Mayenne)
GND,,,,Geografika,4302561-4,La Châtre
GND,,,,Geografika,4342545-8,Châteauroux
GND,,,,Geografika,4116785-5,Orléans
GND,,,,Geografika,4752566-6,Il Cataio (Battaglia Terme)
GND,,,,Geografika,4385923-9,Richmond (Surrey)
GND,,,,Geografika,4090378-3,Chichester
GND,,,,Geografika,7579607-7,Exmouth
GND,,,,Geografika,4255050-6,Plymouth
GND,,,,Geografika,4093055-5,Fontainebleau
GND,,,,Geografika,4086889-8,Bath
GND,,,,Geografika,4117929-8,Nottingham
GND,,,,Geografika,4115916-0,Peterborough (Cambridgeshire)
GND,,,,Geografika,4042643-9,Norwich
GND,,,,Geografika,4242195-0,Ipswich
GND,,,,Geografika,4221669-2,Chelmsford
GND,,,,Geografika,4008266-0,Brighton
GND,,,,Geografika,1054944458,Solre-le-Château
GND,,,,Geografika,4320970-1,Douvres-la-Délivrande
GND,,,,Geografika,4006934-5,Birmingham
GND,,,,Geografika,4036068-4,Liverpool
GND,,,,Geografika,4116097-6,Preston (Lancashire)
GND,,,,Geografika,4050218-1,Rochdale
GND,,,,Geografika,4118617-5,Sheffield
GND,,,,Geografika,4067205-0,York
GND,,,,Geografika,4013170-1,Dublin
GND,,,,Geografika,4090557-3,Cork
GND,,,,Geografika,4304319-7,Limerick (Shannon)
GND,,,,Geografika,4080332-6,Belfast
GND,,,,Geografika,4021159-9,Glasgow
GND,,,,Geografika,4013557-3,Edinburgh
GND,,,,Geografika,4117860-9,Newcastle-upon-Tyne
GND,,,,Geografika,4074361-5,Lüttich
GND,,,,Geografika,4006510-8,Bielefeld
GND,,,,Geografika,4122605-7,Burg Marienburg (Malbork)
GND,,,,Geografika,4106491-4,Tilsit
GND,,,,Geografika,4012804-0,Dorpat
GND,,,,Geografika,4036483-5,Lübeck
GND,,,,Geografika,4822198-3,Quiévrain
GND,,,,Geografika,4031410-8,Koblenz
GND,,,,Geografika,4062222-8,Utrecht
GND,,,,Geografika,4001783-7,Amsterdam
GND,,,,Geografika,4093614-4,Glogau
GND,,,,Geografika,4055431-4,Solingen
GND,,,,Geografika,2002209-8,Rolandseck
GND,,,,Geografika,7844396-9,Burgruine Rolandseck (Remagen)
GND,,,,Geografika,4012715-1,Donaueschingen
GND,,,,Geografika,4011536-7,Dessau
GND,,,,Geografika,4036862-2,Madrid
GND,,,,Geografika,4107517-1,Valenciennes
GND,,,,Geografika,4240145-8,Hradec nad Moravicí
GND,,,,Geografika,4008858-3,Bukarest
GND,,,,Geografika,4043115-0,Odessa
GND,,,,Geografika,4080375-2,Bernay
GND,,,,Geografika,4074354-8,Lucca
GND,,,,Geografika,4117890-7,Nîmes
GND,,,,Geografika,4021815-6,Granada
GND,,,,Geografika,4062284-8,Valencia
GND,,,,Geografika,4004503-1,Barcelona
GND,,,,Geografika,4054074-1,Sedan
GND,,,,Geografika,4310262-1,Loches
GND,,,,Geografika,4085080-8,Altona
GND,,,,Geografika,4057392-8,Stettin
GND,,,,Geografika,1136158448,Hausneindorf
GND,,,,Geografika,4053950-7,Schwerin
GND,,,,Geografika,4364944-0,"Farmington, Conn."
GND,,,,Geografika,4073791-3,Kreta
GND,,,,Geografika,4087306-7,Berlin-Charlottenburg
GND,,,,Geografika,4067100-8,Bad Wurzach
GND,,,,Geografika,4031563-0,Königswinter
GND,,,,Geografika,1064725279,Neuilly
GND,,,,Geografika,4021912-4,Graz
GND,,,,Geografika,4014087-8,Eisenstadt
GND,,,,Geografika,4041476-0,Neapel
GND,,,,Geografika,4400337-7,Bassano
GND,,,,Geografika,4060459-7,Toronto
GND,,,,Geografika,4044402-8,Palermo
GND,,,,Geografika,4277793-8,Mansfield
GND,,,,Geografika,4085297-0,Colchester
GND,,,,Geografika,4386277-9,Halifax (West Yorkshire)
GND,,,,Geografika,4063142-4,Versailles
GND,,,,Geografika,4050751-8,Rouen
GND,,,,Geografika,4020137-5,Genf
GND,,,,Geografika,4036770-8,Lyon
RD,Landständischer Saal (Wien),,,Geografika,,
RD,Grand Théâtre (Marseille),,,Geografika,,
RD,Hôtel de Ville (Paris) / Salle Saint-Jean,,,Geografika,,
RD,Kärntnerthortheater (Wien),,,Geografika,,
RD,Salle Érard,,,Geografika,,
RD,rue Neuve-Saint-Augustin 23 (Paris),,,Geografika,,
RD,Apollo-Saal (Hamburg),,Salon d'Apollon,Geografika,,
RD,Erste Beethoven-Halle,,,Geografika,,
RD,Englisches Haus (Berlin),,,Geografika,,
RD,Jägerhaus (Weimar),,,Geografika,,
RD,Hotel Weidenbusch (Frankfurt am Main),,Hotel de l’Union,Geografika,,
RD,Opernhaus am Hagenmarkt (Braunschweig),,Herzogliches Hoftheater,Geografika,,
RD,Academy of Music (New York City),,,Geografika,,
RD,Horpacs,,,Geografika,,
RD,Büyükdere,,,Geografika,,
RD,Dáka,,,Geografika,,
RD,Gombo,,,Geografika,,
RD,Voronivtsi,,"Woronińce, Woronince",Geografika,,
RD,Woronino,,,Geografika,,
RD,Bernhardshütte,,,Geografika,,
RD,Drau,,,Geografika,,
RD,Pragersko,,,Geografika,,
RD,Belvedere,,,Geografika,,
RD,Heinrichsau,,,Geografika,,
RD,Carentonne,,,Geografika,,
RD,La Chênaie,,La Chennaie,Geografika,,
RD,Nismes,,,Geografika,,
RD,Bellegarde,,,Geografika,,
RD,Monnetier,,Monnetier-Mornex,Geografika,,
RD,Clifton,,,Geografika,,
RD,Ménil Amelot,,,Geografika,,
RD,Urnach,,,Geografika,,
RD,Schloss Epurény,,,Geografika,,
RD,Khalepa,,,Geografika,,
RD,Gran,,,Geografika,,
RD,Albano,,,Geografika,,
RD,Bade,,,Geografika,,
RD,Schwerstedt,,,Geografika,,
GND,,,,Körperschaft,1005067-X,Gesellschaft der Musikfreunde in Wien
GND,,,,Körperschaft,1326350692,Maurice Schlesinger (Firma)
GND,,,,Körperschaft,117350-9,Albertus-Universität zu Königsberg i. Pr.. Philosophische Fakultät
GND,,,,Körperschaft,107285855X,"J. Schuberth & Comp. (New York, NY)"
GND,,,,Körperschaft,2070980-8,Friedrich Hofmeister Musikverlag
GND,,,,Körperschaft,1073084418,Ferdinand Táborszky (Budapest)
GND,,,,Körperschaft,4357089-6,"Allgemeine Musikzeitung (Berlin, 1885-1943)"
